CVE-2020-7050,
CVE-2020-8129,
CVE-2020-8128,
CVE-2020-6068,
CVE-2019-5187,
CVE-2019-4392,
CVE-2019-15594,
CVE-2019-15592,
CVE-2019-13967,
CVE-2019-13966,
CVE-2015-6544,
CVE-2019-13965,
CVE-2018-10642,
CVE-2020-8594,
cve-2020-8594,
CVE-2013-4211,
CVE-2013-4211,
CVE-2020-8843,
CVE-2020-8612,
CVE-2020-8858,
CVE-2020-8857,
CVE-2020-8856,
CVE-2020-8855,
CVE-2020-8854,
CVE-2020-8853,
CVE-2020-8852,
CVE-2020-8851,
CVE-2020-8850,
CVE-2020-8849,
CVE-2020-8848,
CVE-2020-8847,
CVE-2020-8846,
CVE-2020-8845,
CVE-2020-8844,